{"cameraMode":{"drawMode":0,"name":"Shaded","section":"Shading Mode"},"sceneLighting":false,"audioPlay":false,"sceneViewState":{"m_AlwaysRefresh":false,"showFog":true,"showSkybox":false,"showFlares":true,"showImageEffects":true,"showParticleSystems":true,"showVisualEffectGraphs":true,"m_FxEnabled":true},"in2DMode":false,"pivot":{"x":0.4031618535518646,"y":0.5869147777557373,"z":0.6704469323158264},"rotation":{"x":0.008493125438690186,"y":-0.5879039168357849,"z":0.006174211855977774,"w":0.8088740110397339},"size":0.4717557430267334,"orthographic":false}